{"cameraMode":{"drawMode":0,"name":"Shaded","section":"Shading Mode"},"sceneLighting":true,"audioPlay":false,"sceneViewState":{"m_AlwaysRefresh":false,"showFog":true,"showSkybox":true,"showFlares":true,"showImageEffects":true,"showParticleSystems":true,"showVisualEffectGraphs":true,"m_FxEnabled":true},"in2DMode":false,"pivot":{"x":-14.443720817565918,"y":1.7572150230407715,"z":2.874962329864502},"rotation":{"x":-0.060703229159116748,"y":-0.9012036323547363,"z":0.13419704139232636,"w":-0.407635360956192},"size":0.8660253882408142,"orthographic":false}