{"cameraMode":{"drawMode":0,"name":"Shaded","section":"Shading Mode"},"sceneLighting":true,"audioPlay":false,"sceneViewState":{"m_AlwaysRefresh":false,"showFog":true,"showSkybox":true,"showFlares":true,"showImageEffects":true,"showParticleSystems":true,"showVisualEffectGraphs":true,"m_FxEnabled":true},"in2DMode":false,"pivot":{"x":-1.6775380373001099,"y":-1.8237566947937012,"z":-6.954537868499756},"rotation":{"x":0.04317859187722206,"y":0.9066879749298096,"z":-0.09583735466003418,"w":0.40849703550338747},"size":7.4084978103637699,"orthographic":false}